{
    "total_molecules": 27101,
    "passed": 6835,
    "failed": 20266,
    "percent_passed": 25.220471569314785,
    "percent_failed": 74.77952843068522,
    "failure_types": {
        "MW": {
            "count": 2,
            "percent_of_failures": 0.009868745682423765,
            "percent_of_total": 0.007379801483340099
        },
        "NumHDonors": {
            "count": 128,
            "percent_of_failures": 0.631599723675121,
            "percent_of_total": 0.47230729493376633
        },
        "NumHAcceptors": {
            "count": 6900,
            "percent_of_failures": 34.04717260436199,
            "percent_of_total": 25.46031511752334
        },
        "cLogP": {
            "count": 0,
            "percent_of_failures": 0.0,
            "percent_of_total": 0.0
        },
        "NumRotatableBonds": {
            "count": 14884,
            "percent_of_failures": 73.44320536859766,
            "percent_of_total": 54.92048263901701
        },
        "PSA": {
            "count": 8377,
            "percent_of_failures": 41.33524129083194,
            "percent_of_total": 30.91029851297
        }
    }
}